year,market,area,f0_19,f20_66,f67,m0_19,m20_66,m67
2004,0,10.64,2095.0,4731.0,1265.0,2109.0,4767.0,907.0
2005,0,10.64,2065.0,4768.0,1303.0,2124.0,4784.0,933.0
2006,0,10.76,2034.0,4738.0,1315.0,2091.0,4786.0,946.0
2007,0,10.8,2006.0,4721.0,1327.0,2056.0,4961.0,973.0
2008,0,10.86,1998.0,4722.0,1352.0,2091.0,4824.0,993.0
2009,0,10.87,1975.0,4722.0,1375.0,2070.0,4775.0,1006.0
2010,0,10.925,1959.0,4736.5,1396.5,2059.5,4781.5,1039.0
2011,0,10.98,1943.0,4751.0,1418.0,2049.0,4788.0,1072.0
2004,1,9.94,1980.0,3779.0,635.0,2005.0,3877.0,380.0
2005,1,9.97,1953.0,3798.0,648.0,2056.0,3887.0,401.0
2006,1,10.39,1976.0,3967.0,682.0,2125.0,4024.0,430.0
2007,1,10.8,2071.0,4154.0,699.0,2235.0,4172.0,469.0
2008,1,10.9,2114.0,4214.0,723.0,2253.0,4257.0,494.0
2009,1,11.08,2098.0,4254.0,752.0,2290.0,4413.0,511.0
2010,1,11.295,2158.5,4365.5,770.0,2323.0,4539.5,538.0
2011,1,11.51,2219.0,4477.0,788.0,2356.0,4666.0,565.0
2004,2,2.31,417.0,958.0,258.0,425.0,1036.0,185.0
2005,2,2.31,396.0,949.0,258.0,421.0,1005.0,193.0
2006,2,2.31,373.0,935.0,266.0,400.0,1004.0,189.0
2007,2,2.31,368.0,906.0,271.0,398.0,974.0,184.0
2008,2,2.31,365.0,898.0,279.0,383.0,947.0,192.0
2009,2,2.31,372.0,888.0,274.0,384.0,947.0,192.0
2010,2,2.31,366.0,891.5,278.0,392.0,943.0,193.0
2011,2,2.31,360.0,895.0,282.0,400.0,939.0,194.0
2004,3,99.32,19149.0,43835.0,11054.0,20237.0,43824.0,7364.0
2005,3,99.35,19179.0,44123.0,11023.0,20347.0,44200.0,7486.0
2006,3,101.98,19480.0,44818.0,11157.0,20473.0,44906.0,7623.0
2007,3,103.78,19749.0,45210.0,11329.0,20605.0,45475.0,7784.0
2008,3,105.96,20168.0,46245.0,11455.0,20930.0,46820.0,7904.0
2009,3,106.37,20307.0,47008.0,11560.0,21155.0,47827.0,8052.0
2010,3,108.095,20479.5,47782.5,11750.5,21387.5,48746.0,8256.5
2011,3,109.82,20652.0,48557.0,11941.0,21620.0,49665.0,8461.0
2004,5,0.67,78.0,170.0,86.0,73.0,183.0,36.0
2005,5,0.66,76.0,164.0,92.0,64.0,181.0,35.0
2006,5,0.7,79.0,165.0,84.0,61.0,184.0,34.0
2007,5,0.7,73.0,158.0,76.0,60.0,187.0,37.0
2008,5,0.74,72.0,145.0,75.0,50.0,181.0,46.0
2009,5,0.74,70.0,147.0,73.0,51.0,181.0,44.0
2010,5,0.745,65.0,151.0,73.0,50.0,174.5,49.5
2011,5,0.75,60.0,155.0,73.0,49.0,168.0,55.0
2004,6,143.11,35568.0,84281.0,20535.0,37438.0,85238.0,13218.0
2005,6,143.22,35873.0,84736.0,20438.0,37720.0,85955.0,13296.0
2006,6,145.86,36473.0,86467.0,20611.0,38253.0,87999.0,13533.0
2007,6,147.44,36729.0,87495.0,20698.0,38398.0,89809.0,13706.0
2008,6,149.8,36996.0,88765.0,20913.0,38659.0,92085.0,13966.0
2009,6,150.29,37280.0,90650.0,20972.0,38938.0,94386.0,14128.0
2010,6,151.935,37534.5,92498.0,21146.0,39284.0,96170.5,14499.0
2011,6,153.58,37789.0,94346.0,21320.0,39630.0,97955.0,14870.0
2004,7,3.87,381.0,698.0,187.0,370.0,720.0,117.0
2005,7,3.87,375.0,693.0,184.0,378.0,726.0,123.0
2006,7,3.92,369.0,705.0,186.0,377.0,742.0,126.0
2007,7,3.92,369.0,701.0,194.0,396.0,733.0,129.0
2008,7,3.92,358.0,706.0,203.0,393.0,776.0,121.0
2009,7,3.92,348.0,711.0,206.0,379.0,792.0,125.0
2010,7,3.97,356.5,736.5,203.5,385.5,818.0,131.0
2011,7,4.02,365.0,762.0,201.0,392.0,844.0,137.0
2004,8,11.6,2504.0,6230.0,1817.0,2658.0,6478.0,1100.0
2005,8,11.6,2460.0,6207.0,1809.0,2610.0,6508.0,1107.0
2006,8,11.6,2471.0,6214.0,1762.0,2593.0,6544.0,1115.0
2007,8,11.6,2482.0,6219.0,1770.0,2560.0,6509.0,1159.0
2008,8,11.6,2451.0,6209.0,1761.0,2532.0,6561.0,1163.0
2009,8,11.6,2438.0,6288.0,1758.0,2514.0,6654.0,1202.0
2010,8,11.6,2436.0,6382.5,1763.5,2547.5,6701.0,1237.0
2011,8,11.6,2434.0,6477.0,1769.0,2581.0,6748.0,1272.0
2004,9,15.96,5067.0,12082.0,2250.0,5492.0,12204.0,1537.0
2005,9,16.01,5141.0,12282.0,2293.0,5591.0,12312.0,1597.0
2006,9,16.64,5284.0,12570.0,2351.0,5747.0,12616.0,1675.0
2007,9,17.03,5388.0,12743.0,2419.0,5735.0,12815.0,1749.0
2008,9,17.36,5426.0,12916.0,2445.0,5760.0,13043.0,1796.0
2009,9,17.47,5432.0,13041.0,2485.0,5778.0,13152.0,1839.0
2010,9,17.705,5459.5,13291.5,2555.0,5808.5,13381.0,1918.5
2011,9,17.94,5487.0,13542.0,2625.0,5839.0,13610.0,1998.0
2004,10,3.02,578.0,1266.0,354.0,629.0,1264.0,250.0
2005,10,3.05,581.0,1275.0,372.0,608.0,1271.0,259.0
2006,10,3.3,624.0,1308.0,364.0,620.0,1299.0,253.0
2007,10,3.4,622.0,1312.0,389.0,585.0,1289.0,267.0
2008,10,3.44,614.0,1327.0,390.0,570.0,1304.0,269.0
2009,10,3.44,612.0,1335.0,392.0,567.0,1337.0,263.0
2010,10,3.495,607.0,1368.5,395.0,584.5,1345.5,265.0
2011,10,3.55,602.0,1402.0,398.0,602.0,1354.0,267.0
2004,11,12.47,1054.0,2532.0,910.0,1062.0,2484.0,548.0
2005,11,12.47,1044.0,2555.0,912.0,1056.0,2538.0,546.0
2006,11,12.94,1050.0,2589.0,909.0,1067.0,2601.0,544.0
2007,11,13.11,1053.0,2602.0,909.0,1075.0,2626.0,553.0
2008,11,13.31,1068.0,2642.0,909.0,1092.0,2659.0,561.0
2009,11,13.31,1051.0,2702.0,930.0,1123.0,2656.0,568.0
2010,11,13.48,1046.0,2716.0,948.0,1151.0,2683.5,578.0
2011,11,13.65,1041.0,2730.0,966.0,1179.0,2711.0,588.0
2004,12,4.69,623.0,1095.0,290.0,691.0,1208.0,176.0
2005,12,4.69,624.0,1085.0,296.0,684.0,1215.0,180.0
2006,12,4.69,621.0,1093.0,293.0,673.0,1225.0,192.0
2007,12,4.69,600.0,1097.0,290.0,661.0,1243.0,191.0
2008,12,4.69,605.0,1128.0,286.0,656.0,1270.0,191.0
2009,12,4.69,587.0,1153.0,289.0,632.0,1317.0,180.0
2010,12,4.69,582.0,1176.0,299.5,654.5,1327.0,188.0
2011,12,4.69,577.0,1199.0,310.0,677.0,1337.0,196.0
2004,13,1.64,132.0,341.0,116.0,160.0,340.0,71.0
2005,13,1.64,135.0,338.0,112.0,158.0,345.0,68.0
2006,13,1.66,134.0,336.0,112.0,152.0,337.0,65.0
2007,13,1.67,130.0,340.0,108.0,151.0,336.0,65.0
2008,13,1.68,131.0,323.0,110.0,151.0,323.0,72.0
2009,13,1.68,128.0,326.0,104.0,144.0,338.0,76.0
2010,13,1.745,125.0,332.5,111.5,146.5,339.5,83.5
2011,13,1.81,122.0,339.0,119.0,149.0,341.0,91.0
2004,14,2.88,424.0,843.0,205.0,387.0,822.0,123.0
2005,14,2.88,435.0,847.0,205.0,391.0,809.0,137.0
2006,14,2.95,431.0,877.0,205.0,404.0,829.0,137.0
2007,14,2.98,422.0,885.0,214.0,421.0,856.0,140.0
2008,14,3.03,417.0,891.0,222.0,421.0,864.0,150.0
2009,14,3.04,417.0,885.0,228.0,409.0,884.0,153.0
2010,14,3.085,412.0,901.5,237.5,416.5,896.5,156.0
2011,14,3.13,407.0,918.0,247.0,424.0,909.0,159.0
2004,15,7.74,1565.0,3111.0,805.0,1646.0,3186.0,521.0
2005,15,7.74,1530.0,3137.0,821.0,1647.0,3190.0,535.0
2006,15,7.87,1528.0,3162.0,825.0,1656.0,3226.0,540.0
2007,15,8.02,1569.0,3200.0,832.0,1684.0,3298.0,541.0
2008,15,8.45,1648.0,3326.0,878.0,1712.0,3532.0,574.0
2009,15,8.48,1680.0,3383.0,884.0,1695.0,3660.0,575.0
2010,15,8.53,1677.0,3469.0,885.0,1727.5,3730.5,602.5
2011,15,8.58,1674.0,3555.0,886.0,1760.0,3801.0,630.0
2004,16,101.52,14236.0,37522.0,11870.0,15243.0,36277.0,7628.0
2005,16,101.51,14279.0,37619.0,11938.0,15232.0,36404.0,7684.0
2006,16,103.72,14412.0,38207.0,12095.0,15413.0,36954.0,7791.0
2007,16,104.6,14666.0,38477.0,12205.0,15594.0,37231.0,7956.0
2008,16,106.33,14817.0,39036.0,12376.0,15840.0,37835.0,8193.0
2009,16,106.49,14856.0,39556.0,12490.0,15799.0,38297.0,8271.0
2010,16,107.985,14994.0,40047.0,12708.5,15948.5,38761.5,8513.5
2011,16,109.48,15132.0,40538.0,12927.0,16098.0,39226.0,8756.0
2004,17,1.83,168.0,393.0,128.0,167.0,402.0,76.0
2005,17,1.83,158.0,389.0,125.0,147.0,391.0,77.0
2006,17,1.89,154.0,386.0,120.0,141.0,387.0,82.0
2007,17,1.9,143.0,373.0,120.0,145.0,378.0,85.0
2008,17,1.93,150.0,373.0,118.0,147.0,382.0,84.0
2009,17,1.93,151.0,357.0,115.0,149.0,361.0,87.0
2010,17,1.955,152.0,358.5,119.0,157.5,361.5,91.5
2011,17,1.98,153.0,360.0,123.0,166.0,362.0,96.0
2004,18,3.76,303.0,712.0,251.0,320.0,708.0,171.0
2005,18,3.76,300.0,705.0,253.0,314.0,713.0,174.0
2006,18,3.85,319.0,712.0,247.0,319.0,712.0,171.0
2007,18,3.9,317.0,714.0,242.0,322.0,717.0,168.0
2008,18,3.94,317.0,723.0,244.0,328.0,720.0,169.0
2009,18,3.94,334.0,742.0,244.0,342.0,738.0,163.0
2010,18,4.0,340.0,746.5,248.5,344.0,746.5,170.0
2011,18,4.06,346.0,751.0,253.0,346.0,755.0,177.0
2004,19,10.69,1587.0,3487.0,1079.0,1645.0,3501.0,670.0
2005,19,10.45,1562.0,3432.0,1069.0,1580.0,3455.0,677.0
2006,19,10.77,1595.0,3445.0,1070.0,1572.0,3479.0,702.0
2007,19,11.29,1639.0,3497.0,1120.0,1598.0,3553.0,725.0
2008,19,11.49,1719.0,3587.0,1113.0,1713.0,3594.0,762.0
2009,19,11.51,1749.0,3652.0,1131.0,1735.0,3636.0,771.0
2010,19,11.64,1746.5,3674.5,1140.5,1768.5,3654.0,803.5
2011,19,11.77,1744.0,3697.0,1150.0,1802.0,3672.0,836.0
2004,20,6.01,901.0,2183.0,600.0,945.0,2263.0,391.0
2005,20,6.01,887.0,2193.0,598.0,949.0,2236.0,393.0
2006,20,6.15,897.0,2185.0,609.0,957.0,2211.0,402.0
2007,20,6.23,894.0,2183.0,599.0,952.0,2149.0,417.0
2008,20,6.29,898.0,2156.0,616.0,949.0,2148.0,433.0
2009,20,6.29,910.0,2171.0,616.0,934.0,2162.0,447.0
2010,20,6.345,903.5,2171.5,645.0,929.5,2173.5,470.0
2011,20,6.4,897.0,2172.0,674.0,925.0,2185.0,493.0
2004,21,7.5,1117.0,2528.0,837.0,1257.0,2562.0,486.0
2005,21,7.5,1103.0,2508.0,835.0,1239.0,2570.0,481.0
2006,21,7.72,1115.0,2530.0,830.0,1217.0,2611.0,481.0
2007,21,7.86,1110.0,2532.0,843.0,1252.0,2639.0,490.0
2008,21,7.91,1106.0,2559.0,837.0,1248.0,2674.0,501.0
2009,21,7.94,1153.0,2578.0,840.0,1249.0,2706.0,508.0
2010,21,8.02,1166.5,2604.0,840.5,1258.5,2740.0,537.0
2011,21,8.1,1180.0,2630.0,841.0,1268.0,2774.0,566.0
2004,22,6.49,1272.0,2471.0,505.0,1367.0,2637.0,363.0
2005,22,6.49,1287.0,2473.0,522.0,1377.0,2660.0,370.0
2006,22,6.49,1299.0,2514.0,545.0,1386.0,2690.0,377.0
2007,22,6.49,1305.0,2503.0,550.0,1376.0,2675.0,383.0
2008,22,6.49,1302.0,2557.0,528.0,1386.0,2693.0,379.0
2009,22,6.49,1311.0,2567.0,550.0,1383.0,2737.0,403.0
2010,22,6.49,1300.5,2595.0,556.0,1377.0,2763.5,416.5
2011,22,6.49,1290.0,2623.0,562.0,1371.0,2790.0,430.0
2004,23,0.5,58.0,117.0,55.0,68.0,116.0,25.0
2005,23,0.5,61.0,117.0,54.0,66.0,116.0,27.0
2006,23,0.5,63.0,118.0,58.0,65.0,111.0,30.0
2007,23,0.5,62.0,120.0,58.0,67.0,115.0,30.0
2008,23,0.59,65.0,127.0,52.0,71.0,125.0,30.0
2009,23,0.59,65.0,128.0,56.0,69.0,135.0,27.0
2010,23,0.6,67.5,130.5,57.5,68.0,138.5,31.0
2011,23,0.61,70.0,133.0,59.0,67.0,142.0,35.0
2004,24,17.35,3287.0,7684.0,2049.0,3508.0,7655.0,1346.0
2005,24,17.34,3309.0,7707.0,2062.0,3446.0,7733.0,1355.0
2006,24,17.7,3247.0,7731.0,2064.0,3363.0,7836.0,1383.0
2007,24,18.15,3271.0,7834.0,2098.0,3435.0,7956.0,1415.0
2008,24,18.92,3419.0,8087.0,2143.0,3501.0,8258.0,1471.0
2009,24,19.04,3440.0,8144.0,2170.0,3481.0,8345.0,1451.0
2010,24,19.58,3440.5,8324.5,2206.5,3514.0,8535.5,1501.0
2011,24,20.12,3441.0,8505.0,2243.0,3547.0,8726.0,1551.0
2004,25,105.68,32636.0,68731.0,13498.0,34283.0,70386.0,9101.0
2005,25,105.92,32953.0,69447.0,13568.0,34571.0,71222.0,9215.0
2006,25,109.53,33699.0,71560.0,13715.0,35300.0,73267.0,9375.0
2007,25,110.92,34174.0,73000.0,13857.0,35796.0,75389.0,9567.0
2008,25,113.89,34701.0,75070.0,14016.0,36314.0,78597.0,9744.0
2009,25,114.15,35151.0,76709.0,14195.0,36743.0,81140.0,9943.0
2010,25,116.395,35778.0,78603.0,14503.0,37395.0,83034.0,10315.5
2011,25,118.64,36405.0,80497.0,14811.0,38047.0,84928.0,10688.0
2004,26,3.47,378.0,773.0,279.0,383.0,762.0,178.0
2005,26,3.47,399.0,778.0,283.0,392.0,768.0,177.0
2006,26,3.5,379.0,780.0,284.0,392.0,778.0,173.0
2007,26,3.53,373.0,761.0,287.0,360.0,761.0,173.0
2008,26,3.66,375.0,773.0,288.0,362.0,770.0,175.0
2009,26,3.66,361.0,774.0,290.0,357.0,764.0,177.0
2010,26,3.69,360.5,792.0,283.5,364.0,779.5,185.0
2011,26,3.72,360.0,810.0,277.0,371.0,795.0,193.0
2004,27,11.06,941.0,2239.0,798.0,924.0,2164.0,526.0
2005,27,11.06,933.0,2255.0,806.0,932.0,2162.0,531.0
2006,27,11.31,964.0,2300.0,817.0,958.0,2210.0,547.0
2007,27,11.45,946.0,2268.0,842.0,959.0,2209.0,559.0
2008,27,11.66,945.0,2318.0,841.0,969.0,2242.0,557.0
2009,27,11.67,938.0,2372.0,833.0,958.0,2260.0,555.0
2010,27,11.765,942.5,2391.0,845.0,955.0,2304.5,561.5
2011,27,11.86,947.0,2410.0,857.0,952.0,2349.0,568.0
2004,28,2.84,311.0,651.0,251.0,354.0,665.0,160.0
2005,28,2.84,291.0,633.0,268.0,337.0,646.0,162.0
2006,28,3.05,278.0,623.0,283.0,327.0,663.0,158.0
2007,28,3.11,294.0,629.0,290.0,324.0,664.0,170.0
2008,28,3.27,321.0,713.0,290.0,360.0,745.0,176.0
2009,28,3.28,314.0,712.0,281.0,357.0,759.0,176.0
2010,28,3.34,327.0,728.5,283.5,357.0,762.0,182.5
2011,28,3.4,340.0,745.0,286.0,357.0,765.0,189.0
2004,29,8.18,524.0,1456.0,689.0,520.0,1372.0,408.0
2005,29,8.18,508.0,1446.0,719.0,515.0,1380.0,414.0
2006,29,8.41,513.0,1462.0,718.0,510.0,1369.0,414.0
2007,29,8.56,516.0,1445.0,734.0,491.0,1367.0,420.0
2008,29,8.58,507.0,1440.0,743.0,487.0,1363.0,433.0
2009,29,8.63,504.0,1433.0,743.0,504.0,1390.0,429.0
2010,29,8.71,504.5,1433.0,754.5,499.5,1381.5,462.5
2011,29,8.79,505.0,1433.0,766.0,495.0,1373.0,496.0
2004,30,3.7,1066.0,2621.0,561.0,1140.0,2673.0,356.0
2005,30,3.7,1084.0,2649.0,548.0,1146.0,2733.0,359.0
2006,30,3.7,1094.0,2644.0,543.0,1158.0,2773.0,381.0
2007,30,3.7,1107.0,2634.0,540.0,1148.0,2766.0,382.0
2008,30,3.7,1075.0,2576.0,535.0,1123.0,2785.0,392.0
2009,30,3.7,1072.0,2580.0,538.0,1109.0,2784.0,403.0
2010,30,3.7,1071.5,2649.5,553.0,1142.0,2819.0,425.0
2011,30,3.7,1071.0,2719.0,568.0,1175.0,2854.0,447.0
2004,31,4.18,585.0,1189.0,359.0,643.0,1303.0,249.0
2005,31,4.18,570.0,1202.0,362.0,639.0,1313.0,255.0
2006,31,4.23,560.0,1196.0,372.0,634.0,1312.0,254.0
2007,31,4.3,566.0,1171.0,388.0,614.0,1312.0,267.0
2008,31,4.39,577.0,1196.0,382.0,634.0,1334.0,271.0
2009,31,4.4,584.0,1213.0,378.0,638.0,1401.0,270.0
2010,31,4.585,617.0,1285.5,391.5,665.5,1481.5,282.5
2011,31,4.77,650.0,1358.0,405.0,693.0,1562.0,295.0
2004,32,8.92,1366.0,2651.0,672.0,1430.0,2821.0,468.0
2005,32,8.92,1371.0,2645.0,693.0,1440.0,2761.0,485.0
2006,32,8.92,1339.0,2655.0,700.0,1461.0,2745.0,491.0
2007,32,8.92,1317.0,2675.0,697.0,1447.0,2785.0,485.0
2008,32,8.93,1348.0,2691.0,713.0,1442.0,2847.0,488.0
2009,32,8.92,1360.0,2746.0,714.0,1442.0,2947.0,486.0
2010,32,8.92,1369.5,2823.5,732.5,1453.0,3082.5,501.5
2011,32,8.92,1379.0,2901.0,751.0,1464.0,3218.0,517.0
2004,33,12.98,2710.0,6433.0,1522.0,2822.0,6409.0,1058.0
2005,33,12.98,2682.0,6412.0,1547.0,2781.0,6395.0,1076.0
2006,33,12.98,2652.0,6450.0,1581.0,2795.0,6451.0,1095.0
2007,33,12.98,2659.0,6470.0,1584.0,2821.0,6443.0,1106.0
2008,33,12.98,2657.0,6413.0,1594.0,2821.0,6386.0,1121.0
2009,33,12.98,2609.0,6432.0,1613.0,2814.0,6407.0,1168.0
2010,33,12.98,2623.0,6461.5,1650.5,2811.0,6477.5,1194.0
2011,33,12.98,2637.0,6491.0,1688.0,2808.0,6548.0,1220.0
2004,34,36.8,7715.0,16525.0,4322.0,8113.0,17250.0,2683.0
2005,34,36.8,7728.0,16657.0,4278.0,8120.0,17279.0,2744.0
2006,34,37.27,7802.0,16815.0,4325.0,8202.0,17458.0,2796.0
2007,34,37.61,7834.0,16983.0,4322.0,8252.0,17774.0,2828.0
2008,34,38.11,7921.0,17278.0,4331.0,8352.0,18477.0,2915.0
2009,34,38.24,7979.0,17540.0,4365.0,8413.0,18838.0,2950.0
2010,34,38.9,8076.5,17953.0,4399.5,8542.0,19185.5,3078.0
2011,34,39.56,8174.0,18366.0,4434.0,8671.0,19533.0,3206.0
2004,35,2.47,335.0,736.0,206.0,346.0,734.0,125.0
2005,35,2.47,329.0,752.0,210.0,321.0,726.0,133.0
2006,35,2.49,339.0,742.0,221.0,336.0,732.0,132.0
2007,35,2.52,330.0,760.0,218.0,340.0,718.0,133.0
2008,35,2.52,319.0,739.0,219.0,330.0,742.0,138.0
2009,35,2.52,316.0,738.0,217.0,327.0,739.0,143.0
2010,35,2.535,311.0,731.5,222.0,326.5,732.0,157.0
2011,35,2.55,306.0,725.0,227.0,326.0,725.0,171.0
2004,36,2.18,223.0,466.0,126.0,206.0,510.0,96.0
2005,36,2.18,214.0,455.0,124.0,209.0,509.0,100.0
2006,36,2.18,218.0,454.0,125.0,212.0,510.0,104.0
2007,36,2.18,211.0,440.0,126.0,217.0,504.0,104.0
2008,36,2.18,215.0,447.0,123.0,211.0,499.0,103.0
2009,36,2.18,207.0,442.0,122.0,215.0,483.0,108.0
2010,36,2.18,203.0,449.5,126.5,213.0,481.0,113.0
2011,36,2.18,199.0,457.0,131.0,211.0,479.0,118.0
2004,37,0.81,70.0,151.0,56.0,66.0,150.0,32.0
2005,37,0.81,61.0,155.0,56.0,62.0,144.0,32.0
2006,37,0.81,65.0,155.0,55.0,63.0,144.0,33.0
2007,37,0.81,57.0,143.0,56.0,59.0,139.0,31.0
2008,37,0.81,64.0,158.0,56.0,65.0,150.0,32.0
2009,37,0.81,64.0,157.0,56.0,61.0,153.0,31.0
2010,37,0.81,57.5,163.0,55.5,67.5,161.0,33.5
2011,37,0.81,51.0,169.0,55.0,74.0,169.0,36.0
2004,38,3.81,305.0,824.0,248.0,303.0,785.0,172.0
2005,38,3.81,313.0,813.0,237.0,303.0,776.0,172.0
2006,38,3.86,320.0,805.0,226.0,307.0,785.0,177.0
2007,38,3.94,307.0,817.0,228.0,313.0,778.0,179.0
2008,38,4.02,301.0,813.0,223.0,315.0,767.0,175.0
2009,38,4.03,286.0,825.0,223.0,306.0,774.0,182.0
2010,38,4.16,291.0,837.5,228.0,308.0,792.5,183.5
2011,38,4.29,296.0,850.0,233.0,310.0,811.0,185.0
2004,39,21.2,2934.0,7779.0,2412.0,3172.0,7595.0,1640.0
2005,39,21.2,2896.0,7807.0,2434.0,3156.0,7617.0,1639.0
2006,39,21.85,2968.0,7863.0,2468.0,3182.0,7680.0,1663.0
2007,39,22.04,3016.0,7953.0,2446.0,3215.0,7706.0,1671.0
2008,39,22.75,3041.0,8133.0,2428.0,3292.0,7888.0,1663.0
2009,39,22.77,3059.0,8310.0,2422.0,3345.0,8030.0,1669.0
2010,39,23.01,3117.5,8414.5,2450.5,3383.5,8175.0,1691.0
2011,39,23.25,3176.0,8519.0,2479.0,3422.0,8320.0,1713.0
2004,40,7.15,948.0,2097.0,497.0,932.0,2146.0,373.0
2005,40,7.15,936.0,2088.0,500.0,934.0,2143.0,373.0
2006,40,7.38,953.0,2144.0,511.0,964.0,2202.0,393.0
2007,40,7.6,952.0,2185.0,528.0,965.0,2245.0,400.0
2008,40,7.68,952.0,2230.0,537.0,950.0,2293.0,407.0
2009,40,7.69,939.0,2241.0,523.0,954.0,2271.0,417.0
2010,40,7.805,926.5,2272.0,536.0,971.5,2278.0,437.0
2011,40,7.92,914.0,2303.0,549.0,989.0,2285.0,457.0
2004,41,2.06,388.0,788.0,276.0,429.0,872.0,172.0
2005,41,2.06,388.0,784.0,266.0,426.0,863.0,163.0
2006,41,2.23,383.0,778.0,256.0,424.0,852.0,157.0
2007,41,2.3,373.0,777.0,251.0,419.0,862.0,164.0
2008,41,2.34,374.0,775.0,243.0,421.0,885.0,165.0
2009,41,2.34,359.0,779.0,230.0,410.0,878.0,155.0
2010,41,2.345,358.0,773.5,229.0,405.0,873.0,162.0
2011,41,2.35,357.0,768.0,228.0,400.0,868.0,169.0
2004,42,26.17,4524.0,10394.0,2896.0,4648.0,10224.0,1972.0
2005,42,26.18,4544.0,10492.0,2877.0,4662.0,10329.0,1992.0
2006,42,26.93,4570.0,10620.0,2983.0,4733.0,10461.0,2041.0
2007,42,27.33,4562.0,10780.0,2998.0,4779.0,10551.0,2106.0
2008,42,27.69,4587.0,10873.0,3055.0,4724.0,10688.0,2137.0
2009,42,27.76,4588.0,10932.0,3104.0,4696.0,10784.0,2180.0
2010,42,28.115,4587.0,11056.5,3170.5,4735.5,10871.0,2258.5
2011,42,28.47,4586.0,11181.0,3237.0,4775.0,10958.0,2337.0
2004,43,7.1,1016.0,2632.0,844.0,1064.0,2641.0,537.0
2005,43,7.1,1007.0,2605.0,836.0,1026.0,2623.0,534.0
2006,43,7.2,1009.0,2586.0,856.0,1035.0,2612.0,564.0
2007,43,7.29,1005.0,2582.0,866.0,1036.0,2645.0,558.0
2008,43,7.41,1006.0,2620.0,875.0,1041.0,2705.0,567.0
2009,43,7.41,996.0,2641.0,863.0,1036.0,2712.0,560.0
2010,43,7.58,1000.0,2665.5,874.5,1049.5,2718.0,577.0
2011,43,7.75,1004.0,2690.0,886.0,1063.0,2724.0,594.0
2004,44,7.08,866.0,1681.0,417.0,885.0,1752.0,296.0
2005,44,7.08,846.0,1671.0,429.0,852.0,1771.0,306.0
2006,44,7.32,838.0,1686.0,468.0,870.0,1770.0,319.0
2007,44,7.46,842.0,1706.0,466.0,863.0,1780.0,330.0
2008,44,7.65,891.0,1798.0,471.0,898.0,1861.0,346.0
2009,44,7.66,904.0,1780.0,490.0,911.0,1864.0,351.0
2010,44,7.855,904.0,1807.5,498.5,922.5,1887.0,356.0
2011,44,8.05,904.0,1835.0,507.0,934.0,1910.0,361.0
2004,45,3.33,198.0,552.0,193.0,198.0,548.0,118.0
2005,45,3.39,193.0,545.0,194.0,209.0,554.0,130.0
2006,45,3.53,212.0,561.0,212.0,216.0,575.0,126.0
2007,45,3.62,223.0,556.0,218.0,211.0,571.0,133.0
2008,45,3.74,226.0,563.0,229.0,201.0,584.0,139.0
2009,45,3.76,228.0,553.0,233.0,195.0,569.0,141.0
2010,45,3.79,222.0,557.5,240.0,191.5,568.5,142.5
2011,45,3.82,216.0,562.0,247.0,188.0,568.0,144.0
2004,46,6.18,915.0,1908.0,474.0,1009.0,2005.0,274.0
2005,46,6.18,892.0,1927.0,479.0,995.0,1998.0,292.0
2006,46,6.23,898.0,1987.0,487.0,1040.0,2037.0,296.0
2007,46,6.27,905.0,1961.0,516.0,1068.0,2012.0,314.0
2008,46,6.33,923.0,1984.0,533.0,1093.0,2064.0,318.0
2009,46,6.42,939.0,1990.0,544.0,1075.0,2074.0,330.0
2010,46,6.45,941.0,2022.0,540.5,1071.0,2097.5,343.5
2011,46,6.48,943.0,2054.0,537.0,1067.0,2121.0,357.0
2004,47,2.61,154.0,411.0,153.0,161.0,419.0,102.0
2005,47,2.6,152.0,412.0,149.0,152.0,411.0,103.0
2006,47,2.76,156.0,411.0,147.0,153.0,421.0,100.0
2007,47,2.85,146.0,386.0,146.0,151.0,403.0,103.0
2008,47,2.91,147.0,394.0,147.0,151.0,395.0,107.0
2009,47,2.92,144.0,394.0,145.0,143.0,392.0,107.0
2010,47,2.945,148.0,402.5,142.5,147.0,400.0,108.0
2011,47,2.97,152.0,411.0,140.0,151.0,408.0,109.0
2004,48,1.07,144.0,313.0,110.0,169.0,311.0,56.0
2005,48,1.07,147.0,316.0,114.0,162.0,310.0,61.0
2006,48,1.1,142.0,313.0,116.0,161.0,310.0,63.0
2007,48,1.12,148.0,309.0,119.0,154.0,307.0,64.0
2008,48,1.14,144.0,314.0,122.0,160.0,321.0,67.0
2009,48,1.14,154.0,319.0,124.0,154.0,336.0,66.0
2010,48,1.155,156.0,325.5,122.0,155.0,336.5,70.0
2011,48,1.17,158.0,332.0,120.0,156.0,337.0,74.0
2004,49,1.59,223.0,512.0,196.0,242.0,528.0,124.0
2005,49,1.59,221.0,503.0,192.0,241.0,521.0,130.0
2006,49,1.59,221.0,500.0,194.0,225.0,506.0,144.0
2007,49,1.59,215.0,492.0,191.0,215.0,501.0,139.0
2008,49,1.59,219.0,507.0,188.0,217.0,517.0,143.0
2009,49,1.59,201.0,510.0,182.0,230.0,511.0,145.0
2010,49,1.59,204.5,504.0,186.5,220.0,511.0,140.5
2011,49,1.59,208.0,498.0,191.0,210.0,511.0,136.0
2004,50,92.53,24218.0,59417.0,13353.0,25151.0,60253.0,8693.0
2005,50,92.72,24433.0,60147.0,13313.0,25362.0,61189.0,8737.0
2006,50,94.96,24961.0,61438.0,13448.0,25860.0,62745.0,8801.0
2007,50,96.19,25390.0,62723.0,13508.0,26366.0,64472.0,8875.0
2008,50,99.32,25987.0,64543.0,13587.0,27099.0,66806.0,9113.0
2009,50,100.33,26231.0,65867.0,13713.0,27406.0,68440.0,9377.0
2010,50,101.555,26502.5,67041.0,13920.0,27762.5,69540.5,9804.0
2011,50,102.78,26774.0,68215.0,14127.0,28119.0,70641.0,10231.0
2004,51,8.72,1602.0,3530.0,1084.0,1690.0,3538.0,693.0
2005,51,8.72,1598.0,3557.0,1086.0,1661.0,3585.0,693.0
2006,51,9.06,1623.0,3586.0,1102.0,1686.0,3653.0,702.0
2007,51,9.29,1625.0,3645.0,1106.0,1714.0,3709.0,700.0
2008,51,9.38,1672.0,3699.0,1123.0,1731.0,3777.0,710.0
2009,51,9.43,1655.0,3788.0,1117.0,1718.0,3811.0,715.0
2010,51,9.53,1662.0,3863.5,1109.5,1743.0,3886.0,724.0
2011,51,9.63,1669.0,3939.0,1102.0,1768.0,3961.0,733.0
2004,52,3.47,421.0,823.0,270.0,439.0,902.0,199.0
2005,52,3.47,419.0,819.0,275.0,439.0,888.0,209.0
2006,52,3.56,411.0,830.0,278.0,437.0,889.0,199.0
2007,52,3.64,410.0,838.0,276.0,432.0,901.0,196.0
2008,52,3.89,432.0,893.0,284.0,441.0,965.0,203.0
2009,52,3.99,424.0,913.0,290.0,433.0,998.0,199.0
2010,52,4.04,422.5,928.0,291.5,444.0,1017.0,197.0
2011,52,4.09,421.0,943.0,293.0,455.0,1036.0,195.0
2004,53,5.29,590.0,1318.0,413.0,650.0,1362.0,257.0
2005,53,5.29,595.0,1342.0,425.0,658.0,1365.0,256.0
2006,53,5.4,613.0,1367.0,430.0,680.0,1423.0,257.0
2007,53,5.48,621.0,1430.0,416.0,700.0,1458.0,255.0
2008,53,5.67,655.0,1456.0,427.0,711.0,1527.0,249.0
2009,53,5.67,635.0,1494.0,421.0,720.0,1583.0,245.0
2010,53,5.755,627.0,1522.0,424.0,712.0,1595.5,258.5
2011,53,5.84,619.0,1550.0,427.0,704.0,1608.0,272.0
2004,54,4.08,429.0,931.0,199.0,476.0,1012.0,137.0
2005,54,4.06,435.0,896.0,205.0,444.0,981.0,142.0
2006,54,4.21,434.0,880.0,209.0,446.0,978.0,141.0
2007,54,4.28,422.0,891.0,205.0,436.0,980.0,145.0
2008,54,4.31,417.0,889.0,216.0,448.0,980.0,153.0
2009,54,4.31,419.0,901.0,218.0,411.0,970.0,156.0
2010,54,4.425,417.0,908.0,224.0,425.0,1001.5,163.0
2011,54,4.54,415.0,915.0,230.0,439.0,1033.0,170.0
2004,55,7.81,1407.0,3073.0,862.0,1498.0,3041.0,562.0
2005,55,7.81,1443.0,3102.0,855.0,1496.0,3062.0,558.0
2006,55,7.93,1453.0,3134.0,861.0,1528.0,3095.0,568.0
2007,55,8.06,1455.0,3175.0,855.0,1531.0,3120.0,568.0
2008,55,8.3,1477.0,3185.0,870.0,1571.0,3130.0,576.0
2009,55,8.36,1485.0,3245.0,864.0,1566.0,3166.0,570.0
2010,55,8.54,1484.0,3290.5,876.5,1584.0,3189.5,586.5
2011,55,8.72,1483.0,3336.0,889.0,1602.0,3213.0,603.0
2004,56,7.89,1852.0,4516.0,1428.0,2006.0,4606.0,892.0
2005,56,7.89,1815.0,4479.0,1437.0,1941.0,4653.0,892.0
2006,56,8.0,1816.0,4420.0,1433.0,1874.0,4634.0,899.0
2007,56,8.14,1801.0,4434.0,1420.0,1891.0,4653.0,916.0
2008,56,8.4,1835.0,4440.0,1384.0,1926.0,4702.0,894.0
2009,56,8.4,1844.0,4461.0,1357.0,1907.0,4733.0,897.0
2010,56,8.52,1824.5,4485.5,1378.5,1897.0,4748.0,911.0
2011,56,8.64,1805.0,4510.0,1400.0,1887.0,4763.0,925.0
2004,57,9.59,2078.0,4306.0,784.0,2218.0,4059.0,543.0
2005,57,9.59,2094.0,4345.0,817.0,2209.0,4070.0,570.0
2006,57,9.73,2110.0,4400.0,845.0,2209.0,4112.0,589.0
2007,57,9.89,2135.0,4456.0,856.0,2222.0,4178.0,620.0
2008,57,10.14,2134.0,4583.0,868.0,2269.0,4269.0,645.0
2009,57,10.17,2133.0,4679.0,896.0,2287.0,4366.0,644.0
2010,57,10.215,2137.5,4750.0,919.0,2271.0,4429.0,664.0
2011,57,10.26,2142.0,4821.0,942.0,2255.0,4492.0,684.0
2004,58,7.29,535.0,1502.0,484.0,553.0,1491.0,326.0
2005,58,7.28,538.0,1472.0,478.0,552.0,1458.0,334.0
2006,58,7.48,547.0,1451.0,487.0,554.0,1459.0,331.0
2007,58,7.55,544.0,1451.0,490.0,547.0,1448.0,339.0
2008,58,7.65,542.0,1479.0,504.0,540.0,1450.0,351.0
2009,58,7.67,531.0,1488.0,502.0,525.0,1475.0,353.0
2010,58,7.955,527.5,1512.0,540.5,548.0,1498.5,368.0
2011,58,8.24,524.0,1536.0,579.0,571.0,1522.0,383.0
2004,59,9.7,755.0,1968.0,681.0,797.0,1974.0,472.0
2005,59,9.69,754.0,1960.0,682.0,804.0,1956.0,466.0
2006,59,9.91,734.0,1944.0,674.0,790.0,1925.0,467.0
2007,59,10.09,721.0,1921.0,672.0,805.0,1919.0,473.0
2008,59,10.28,733.0,1915.0,680.0,779.0,1937.0,480.0
2009,59,10.32,742.0,1908.0,701.0,781.0,1949.0,504.0
2010,59,10.45,761.5,1912.5,701.0,773.5,1951.0,502.0
2011,59,10.58,781.0,1917.0,701.0,766.0,1953.0,500.0
2004,60,1.43,407.0,846.0,247.0,383.0,954.0,176.0
2005,60,1.43,401.0,846.0,247.0,397.0,926.0,174.0
2006,60,1.43,384.0,814.0,248.0,377.0,911.0,170.0
2007,60,1.43,360.0,800.0,244.0,362.0,895.0,170.0
2008,60,1.43,360.0,796.0,240.0,357.0,886.0,162.0
2009,60,1.43,353.0,794.0,229.0,366.0,878.0,162.0
2010,60,1.43,341.0,804.0,228.0,361.5,907.5,165.5
2011,60,1.43,329.0,814.0,227.0,357.0,937.0,169.0
2004,61,3.12,351.0,815.0,322.0,352.0,803.0,181.0
2005,61,3.12,333.0,814.0,328.0,339.0,795.0,187.0
2006,61,3.18,331.0,790.0,327.0,311.0,793.0,198.0
2007,61,3.23,320.0,799.0,342.0,312.0,795.0,209.0
2008,61,3.26,316.0,802.0,342.0,318.0,790.0,206.0
2009,61,3.26,327.0,815.0,349.0,308.0,802.0,199.0
2010,61,3.325,332.0,828.5,354.5,316.5,804.5,206.0
2011,61,3.39,337.0,842.0,360.0,325.0,807.0,213.0
2004,62,8.55,1040.0,2750.0,1029.0,1096.0,2752.0,689.0
2005,62,8.55,1024.0,2778.0,1012.0,1109.0,2754.0,670.0
2006,62,8.75,1023.0,2780.0,1013.0,1086.0,2776.0,650.0
2007,62,8.89,1044.0,2779.0,1012.0,1098.0,2795.0,656.0
2008,62,9.07,1060.0,2785.0,1011.0,1108.0,2806.0,667.0
2009,62,9.07,1005.0,2847.0,1002.0,1129.0,2810.0,673.0
2010,62,9.135,1016.0,2871.5,1005.5,1130.5,2860.5,665.0
2011,62,9.2,1027.0,2896.0,1009.0,1132.0,2911.0,657.0
2004,63,4.43,737.0,1802.0,789.0,823.0,1918.0,434.0
2005,63,4.43,712.0,1780.0,769.0,800.0,1897.0,451.0
2006,63,4.5,689.0,1749.0,761.0,771.0,1869.0,461.0
2007,63,4.58,673.0,1716.0,753.0,759.0,1841.0,459.0
2008,63,4.62,692.0,1689.0,743.0,750.0,1828.0,460.0
2009,63,4.63,681.0,1675.0,742.0,721.0,1840.0,446.0
2010,63,4.705,675.0,1678.5,723.5,709.0,1856.0,439.5
2011,63,4.78,669.0,1682.0,705.0,697.0,1872.0,433.0
2004,64,3.58,477.0,1108.0,349.0,484.0,1066.0,227.0
2005,64,3.58,476.0,1102.0,358.0,478.0,1070.0,222.0
2006,64,3.63,491.0,1111.0,371.0,482.0,1085.0,226.0
2007,64,3.69,500.0,1091.0,383.0,486.0,1088.0,235.0
2008,64,3.77,508.0,1120.0,393.0,498.0,1112.0,244.0
2009,64,3.8,512.0,1140.0,400.0,496.0,1120.0,256.0
2010,64,3.835,489.0,1155.5,406.0,495.0,1132.0,270.0
2011,64,3.87,466.0,1171.0,412.0,494.0,1144.0,284.0
2004,65,2.41,293.0,668.0,132.0,295.0,690.0,82.0
2005,65,2.41,305.0,675.0,126.0,287.0,687.0,88.0
2006,65,2.42,297.0,683.0,135.0,293.0,664.0,97.0
2007,65,2.43,312.0,663.0,137.0,284.0,666.0,97.0
2008,65,2.48,304.0,657.0,132.0,290.0,662.0,100.0
2009,65,2.48,299.0,663.0,131.0,291.0,658.0,104.0
2010,65,2.525,292.5,685.5,135.0,283.5,671.5,108.0
2011,65,2.57,286.0,708.0,139.0,276.0,685.0,112.0
2004,66,13.26,2469.0,5842.0,1724.0,2568.0,5990.0,1175.0
2005,66,13.26,2467.0,5823.0,1749.0,2546.0,5945.0,1187.0
2006,66,13.8,2509.0,5845.0,1759.0,2559.0,5952.0,1191.0
2007,66,14.01,2471.0,5791.0,1786.0,2564.0,5925.0,1193.0
2008,66,14.1,2451.0,5775.0,1758.0,2567.0,5909.0,1208.0
2009,66,14.18,2432.0,5831.0,1771.0,2569.0,6010.0,1217.0
2010,66,14.54,2456.0,5907.0,1803.0,2610.5,6068.0,1254.5
2011,66,14.9,2480.0,5983.0,1835.0,2652.0,6126.0,1292.0
2004,67,4.89,533.0,1185.0,487.0,561.0,1221.0,272.0
2005,67,4.88,540.0,1189.0,483.0,578.0,1209.0,269.0
2006,67,5.02,557.0,1214.0,461.0,592.0,1247.0,273.0
2007,67,5.11,559.0,1213.0,463.0,585.0,1253.0,270.0
2008,67,5.21,570.0,1252.0,474.0,572.0,1306.0,285.0
2009,67,5.26,553.0,1269.0,472.0,576.0,1318.0,286.0
2010,67,5.495,546.0,1280.5,480.5,571.5,1330.5,288.0
2011,67,5.73,539.0,1292.0,489.0,567.0,1343.0,290.0
2004,68,1.93,249.0,586.0,210.0,270.0,591.0,100.0
2005,68,1.93,246.0,570.0,215.0,251.0,595.0,101.0
2006,68,1.97,235.0,581.0,217.0,259.0,597.0,108.0
2007,68,2.04,225.0,582.0,229.0,260.0,604.0,117.0
2008,68,2.04,220.0,586.0,226.0,252.0,606.0,120.0
2009,68,2.04,223.0,586.0,230.0,253.0,581.0,119.0
2010,68,2.08,224.0,592.0,233.5,256.5,574.0,128.5
2011,68,2.12,225.0,598.0,237.0,260.0,567.0,138.0
2004,69,3.19,557.0,1324.0,428.0,570.0,1298.0,307.0
2005,69,3.19,567.0,1317.0,426.0,555.0,1309.0,301.0
2006,69,3.27,554.0,1313.0,421.0,539.0,1316.0,295.0
2007,69,3.36,536.0,1339.0,418.0,545.0,1311.0,309.0
2008,69,3.41,546.0,1357.0,444.0,561.0,1349.0,299.0
2009,69,3.43,522.0,1364.0,430.0,558.0,1367.0,294.0
2010,69,3.45,516.0,1362.0,433.5,546.5,1372.5,304.5
2011,69,3.47,510.0,1360.0,437.0,535.0,1378.0,315.0
2004,70,4.39,479.0,1229.0,411.0,522.0,1215.0,273.0
2005,70,4.39,492.0,1248.0,385.0,517.0,1214.0,266.0
2006,70,4.49,487.0,1272.0,385.0,538.0,1217.0,267.0
2007,70,4.58,502.0,1287.0,386.0,527.0,1225.0,262.0
2008,70,4.66,484.0,1274.0,397.0,526.0,1206.0,272.0
2009,70,4.75,493.0,1279.0,445.0,512.0,1221.0,307.0
2010,70,4.84,488.0,1285.5,453.0,517.5,1230.0,310.0
2011,70,4.93,483.0,1292.0,461.0,523.0,1239.0,313.0
2004,71,1.37,116.0,275.0,104.0,147.0,285.0,55.0
2005,71,1.37,111.0,266.0,104.0,147.0,289.0,55.0
2006,71,1.38,121.0,280.0,113.0,160.0,285.0,54.0
2007,71,1.42,122.0,269.0,116.0,145.0,273.0,59.0
2008,71,1.43,117.0,265.0,109.0,145.0,273.0,57.0
2009,71,1.43,130.0,273.0,108.0,146.0,280.0,59.0
2010,71,1.43,128.0,275.0,102.0,149.5,276.0,63.0
2011,71,1.43,126.0,277.0,96.0,153.0,272.0,67.0
2004,72,2.78,323.0,756.0,188.0,329.0,764.0,132.0
2005,72,2.78,322.0,764.0,192.0,328.0,755.0,138.0
2006,72,2.81,321.0,768.0,205.0,324.0,756.0,144.0
2007,72,2.82,311.0,774.0,203.0,331.0,741.0,138.0
2008,72,2.94,312.0,782.0,207.0,339.0,764.0,127.0
2009,72,2.94,323.0,791.0,206.0,317.0,759.0,136.0
2010,72,2.97,315.0,780.5,212.5,319.5,758.5,143.0
2011,72,3.0,307.0,770.0,219.0,322.0,758.0,150.0
2004,73,5.9,501.0,1329.0,391.0,562.0,1305.0,297.0
2005,73,5.9,504.0,1315.0,405.0,562.0,1298.0,299.0
2006,73,6.03,497.0,1319.0,412.0,573.0,1284.0,309.0
2007,73,6.2,508.0,1310.0,431.0,579.0,1294.0,305.0
2008,73,6.25,510.0,1288.0,428.0,565.0,1278.0,320.0
2009,73,6.25,519.0,1285.0,434.0,558.0,1265.0,318.0
2010,73,6.375,523.0,1292.0,441.5,551.5,1274.5,329.5
2011,73,6.5,527.0,1299.0,449.0,545.0,1284.0,341.0
2004,74,1.3,342.0,676.0,160.0,368.0,732.0,107.0
2005,74,1.3,339.0,679.0,154.0,358.0,737.0,109.0
2006,74,1.3,320.0,674.0,169.0,339.0,724.0,117.0
2007,74,1.3,324.0,682.0,157.0,340.0,732.0,115.0
2008,74,1.3,321.0,682.0,150.0,349.0,722.0,123.0
2009,74,1.3,298.0,686.0,152.0,332.0,725.0,131.0
2010,74,1.3,299.5,682.5,156.0,322.0,722.0,139.5
2011,74,1.3,301.0,679.0,160.0,312.0,719.0,148.0
2004,75,5.71,876.0,1887.0,461.0,1010.0,1951.0,302.0
2005,75,5.71,896.0,1943.0,462.0,1024.0,1992.0,312.0
2006,75,5.87,905.0,1959.0,467.0,1023.0,2001.0,331.0
2007,75,5.91,910.0,1949.0,478.0,1015.0,2010.0,339.0
2008,75,6.2,912.0,1961.0,491.0,989.0,2020.0,338.0
2009,75,6.2,925.0,2015.0,495.0,1009.0,2058.0,342.0
2010,75,6.335,934.0,2085.5,505.5,1025.0,2108.0,350.5
2011,75,6.47,943.0,2156.0,516.0,1041.0,2158.0,359.0
2004,76,4.49,807.0,1784.0,437.0,882.0,1746.0,256.0
2005,76,4.49,812.0,1815.0,434.0,894.0,1769.0,252.0
2006,76,4.49,811.0,1819.0,423.0,899.0,1776.0,259.0
2007,76,4.49,816.0,1831.0,406.0,907.0,1780.0,265.0
2008,76,4.49,795.0,1797.0,396.0,893.0,1772.0,270.0
2009,76,4.49,780.0,1795.0,402.0,870.0,1790.0,276.0
2010,76,4.49,788.0,1810.5,407.0,868.0,1818.0,285.5
2011,76,4.49,796.0,1826.0,412.0,866.0,1846.0,295.0
2004,77,12.45,1891.0,4499.0,1443.0,1924.0,4414.0,969.0
2005,77,12.44,1920.0,4531.0,1431.0,1918.0,4459.0,975.0
2006,77,12.71,1914.0,4565.0,1460.0,1925.0,4488.0,980.0
2007,77,12.85,1923.0,4642.0,1471.0,1954.0,4512.0,1033.0
2008,77,13.04,1919.0,4634.0,1496.0,1921.0,4528.0,1033.0
2009,77,13.07,1937.0,4643.0,1522.0,1911.0,4583.0,1051.0
2010,77,13.18,1918.5,4680.0,1545.0,1916.5,4607.0,1088.0
2011,77,13.29,1900.0,4717.0,1568.0,1922.0,4631.0,1125.0
2004,78,13.58,2351.0,4495.0,994.0,2463.0,4773.0,705.0
2005,78,13.58,2318.0,4565.0,1004.0,2455.0,4801.0,708.0
2006,78,13.58,2338.0,4608.0,1012.0,2446.0,4807.0,726.0
2007,78,13.58,2313.0,4640.0,1022.0,2459.0,4821.0,746.0
2008,78,13.58,2312.0,4637.0,1068.0,2473.0,4873.0,759.0
2009,78,13.58,2277.0,4668.0,1082.0,2422.0,4967.0,783.0
2010,78,13.58,2279.0,4687.5,1113.5,2395.5,5018.0,813.5
2011,78,13.58,2281.0,4707.0,1145.0,2369.0,5069.0,844.0
2004,79,2.14,145.0,335.0,148.0,119.0,338.0,99.0
2005,79,2.14,147.0,322.0,156.0,119.0,338.0,100.0
2006,79,2.16,149.0,332.0,151.0,121.0,336.0,102.0
2007,79,2.18,136.0,316.0,151.0,125.0,311.0,114.0
2008,79,2.18,136.0,325.0,146.0,129.0,309.0,113.0
2009,79,2.18,140.0,319.0,148.0,128.0,308.0,113.0
2010,79,2.18,140.0,317.5,152.0,131.0,310.5,114.0
2011,79,2.18,140.0,316.0,156.0,134.0,313.0,115.0
2004,80,7.06,1301.0,2391.0,543.0,1273.0,2440.0,386.0
2005,80,7.06,1301.0,2422.0,555.0,1300.0,2511.0,389.0
2006,80,7.09,1305.0,2460.0,556.0,1311.0,2544.0,407.0
2007,80,7.15,1313.0,2487.0,563.0,1346.0,2545.0,434.0
2008,80,7.36,1376.0,2642.0,575.0,1414.0,2708.0,437.0
2009,80,7.36,1373.0,2707.0,567.0,1415.0,2772.0,442.0
2010,80,7.465,1387.0,2746.0,594.0,1441.0,2813.5,460.5
2011,80,7.57,1401.0,2785.0,621.0,1467.0,2855.0,479.0
2004,81,2.53,320.0,682.0,242.0,376.0,735.0,173.0
2005,81,2.53,304.0,676.0,247.0,358.0,743.0,171.0
2006,81,2.53,304.0,680.0,249.0,343.0,733.0,184.0
2007,81,2.56,314.0,663.0,250.0,347.0,736.0,173.0
2008,81,2.56,336.0,668.0,257.0,340.0,733.0,170.0
2009,81,2.56,319.0,667.0,257.0,326.0,764.0,167.0
2010,81,2.56,322.5,674.0,263.5,323.0,773.5,167.5
2011,81,2.56,326.0,681.0,270.0,320.0,783.0,168.0
2004,82,3.42,417.0,833.0,250.0,426.0,892.0,156.0
2005,82,3.42,404.0,828.0,258.0,429.0,863.0,157.0
2006,82,3.48,408.0,821.0,268.0,436.0,870.0,158.0
2007,82,3.53,419.0,818.0,265.0,447.0,877.0,152.0
2008,82,3.53,411.0,834.0,257.0,466.0,896.0,166.0
2009,82,3.54,419.0,847.0,248.0,453.0,903.0,161.0
2010,82,3.555,425.5,859.5,251.0,456.5,910.0,171.0
2011,82,3.57,432.0,872.0,254.0,460.0,917.0,181.0
2004,83,38.71,7137.0,15799.0,4122.0,7470.0,16237.0,2852.0
2005,83,38.7,7146.0,15938.0,4099.0,7571.0,16290.0,2861.0
2006,83,39.0,7219.0,16138.0,4121.0,7606.0,16613.0,2873.0
2007,83,39.2,7305.0,16291.0,4125.0,7621.0,16860.0,2936.0
2008,83,39.77,7412.0,16501.0,4139.0,7695.0,17257.0,2918.0
2009,83,39.82,7442.0,16771.0,4135.0,7741.0,17641.0,2933.0
2010,83,40.23,7515.5,17081.0,4175.0,7826.0,18038.0,3043.0
2011,83,40.64,7589.0,17391.0,4215.0,7911.0,18435.0,3153.0
2004,84,1.08,147.0,307.0,125.0,156.0,324.0,84.0
2005,84,1.07,146.0,306.0,130.0,152.0,314.0,85.0
2006,84,1.09,152.0,312.0,139.0,156.0,316.0,82.0
2007,84,1.1,151.0,319.0,128.0,158.0,324.0,75.0
2008,84,1.12,144.0,315.0,130.0,147.0,326.0,74.0
2009,84,1.12,139.0,317.0,125.0,146.0,331.0,68.0
2010,84,1.13,142.0,322.0,123.0,148.0,336.5,67.0
2011,84,1.14,145.0,327.0,121.0,150.0,342.0,66.0
2004,85,4.06,596.0,1383.0,563.0,696.0,1448.0,382.0
2005,85,4.06,583.0,1383.0,553.0,690.0,1456.0,376.0
2006,85,4.35,571.0,1386.0,554.0,676.0,1453.0,361.0
2007,85,4.44,591.0,1374.0,561.0,663.0,1485.0,362.0
2008,85,4.49,588.0,1419.0,553.0,673.0,1502.0,366.0
2009,85,4.51,578.0,1429.0,555.0,675.0,1525.0,344.0
2010,85,4.545,567.0,1433.0,557.0,668.0,1531.5,338.5
2011,85,4.58,556.0,1437.0,559.0,661.0,1538.0,333.0
2004,86,2.49,299.0,666.0,197.0,316.0,666.0,132.0
2005,86,2.49,280.0,666.0,206.0,308.0,671.0,131.0
2006,86,2.56,284.0,661.0,214.0,302.0,671.0,124.0
2007,86,2.6,270.0,650.0,210.0,316.0,663.0,125.0
2008,86,2.96,321.0,722.0,227.0,342.0,745.0,139.0
2009,86,2.96,323.0,725.0,219.0,332.0,759.0,145.0
2010,86,3.2,324.5,732.5,220.5,336.0,757.0,155.5
2011,86,3.44,326.0,740.0,222.0,340.0,755.0,166.0
2004,87,9.66,1629.0,3641.0,651.0,1673.0,3610.0,493.0
2005,87,9.67,1608.0,3644.0,656.0,1666.0,3595.0,506.0
2006,87,9.85,1644.0,3707.0,682.0,1667.0,3642.0,539.0
2007,87,10.21,1652.0,3736.0,714.0,1635.0,3676.0,542.0
2008,87,10.34,1645.0,3783.0,722.0,1641.0,3731.0,567.0
2009,87,10.35,1637.0,3788.0,727.0,1647.0,3736.0,586.0
2010,87,10.835,1640.5,3880.5,775.0,1698.5,3821.5,644.0
2011,87,11.32,1644.0,3973.0,823.0,1750.0,3907.0,702.0
2004,88,5.27,692.0,1535.0,365.0,728.0,1583.0,283.0
2005,88,5.25,693.0,1512.0,383.0,711.0,1605.0,281.0
2006,88,5.29,678.0,1493.0,391.0,685.0,1609.0,283.0
2007,88,5.37,713.0,1550.0,403.0,704.0,1632.0,299.0
2008,88,5.43,722.0,1562.0,409.0,712.0,1652.0,295.0
2009,88,5.44,740.0,1591.0,402.0,709.0,1674.0,303.0
2010,88,5.485,745.0,1613.0,417.5,729.0,1694.5,315.5
2011,88,5.53,750.0,1635.0,433.0,749.0,1715.0,328.0
2004,89,3.09,313.0,790.0,236.0,358.0,776.0,152.0
2005,89,3.09,327.0,777.0,247.0,345.0,770.0,153.0
2006,89,3.12,307.0,772.0,240.0,340.0,772.0,147.0
2007,89,3.14,310.0,782.0,243.0,326.0,768.0,150.0
2008,89,3.16,301.0,798.0,244.0,329.0,780.0,147.0
2009,89,3.17,296.0,801.0,240.0,331.0,780.0,150.0
2010,89,3.375,306.5,823.5,255.0,334.0,831.5,159.5
2011,89,3.58,317.0,846.0,270.0,337.0,883.0,169.0
2004,90,5.27,983.0,2198.0,525.0,947.0,2230.0,333.0
2005,90,5.27,998.0,2196.0,517.0,954.0,2206.0,338.0
2006,90,5.36,977.0,2217.0,520.0,950.0,2203.0,341.0
2007,90,5.39,977.0,2233.0,512.0,953.0,2217.0,351.0
2008,90,5.4,984.0,2251.0,522.0,940.0,2197.0,357.0
2009,90,5.4,992.0,2275.0,533.0,955.0,2203.0,382.0
2010,90,5.47,996.5,2316.0,537.0,968.5,2266.5,389.5
2011,90,5.54,1001.0,2357.0,541.0,982.0,2330.0,397.0
2004,91,3.55,486.0,1183.0,413.0,459.0,1219.0,227.0
2005,91,3.55,499.0,1179.0,399.0,451.0,1204.0,224.0
2006,91,3.61,481.0,1161.0,393.0,426.0,1167.0,220.0
2007,91,3.65,471.0,1129.0,384.0,411.0,1122.0,219.0
2008,91,3.7,464.0,1126.0,380.0,416.0,1109.0,222.0
2009,91,3.7,458.0,1129.0,384.0,415.0,1109.0,214.0
2010,91,3.72,451.5,1124.5,387.5,408.0,1103.0,228.5
2011,91,3.74,445.0,1120.0,391.0,401.0,1097.0,243.0
2004,92,22.58,6869.0,17196.0,2606.0,7395.0,17022.0,1681.0
2005,92,22.58,6932.0,17240.0,2617.0,7432.0,17156.0,1716.0
2006,92,22.7,7007.0,17418.0,2618.0,7522.0,17396.0,1748.0
2007,92,23.03,7089.0,17698.0,2609.0,7617.0,17669.0,1804.0
2008,92,23.2,7013.0,17908.0,2640.0,7675.0,17848.0,1875.0
2009,92,23.26,7135.0,18163.0,2719.0,7779.0,18204.0,1957.0
2010,92,23.435,7178.0,18422.5,2789.0,7800.0,18459.5,2064.5
2011,92,23.61,7221.0,18682.0,2859.0,7821.0,18715.0,2172.0
2004,93,3.67,313.0,766.0,288.0,301.0,745.0,196.0
2005,93,3.67,304.0,757.0,275.0,294.0,750.0,199.0
2006,93,3.83,310.0,775.0,276.0,296.0,773.0,199.0
2007,93,3.9,295.0,770.0,288.0,281.0,783.0,198.0
2008,93,4.01,295.0,772.0,302.0,283.0,770.0,206.0
2009,93,4.02,292.0,773.0,311.0,295.0,786.0,201.0
2010,93,4.04,291.0,788.0,307.0,306.0,808.0,201.0
2011,93,4.06,290.0,803.0,303.0,317.0,830.0,201.0
2004,94,5.4,488.0,1063.0,390.0,474.0,1020.0,252.0
2005,94,5.4,478.0,1059.0,396.0,468.0,1025.0,253.0
2006,94,5.48,464.0,1054.0,397.0,455.0,1019.0,253.0
2007,94,5.51,461.0,1036.0,387.0,450.0,1017.0,245.0
2008,94,5.65,460.0,1073.0,406.0,466.0,1032.0,252.0
2009,94,5.65,448.0,1082.0,403.0,476.0,1029.0,247.0
2010,94,5.755,445.0,1096.0,416.0,482.5,1045.0,247.5
2011,94,5.86,442.0,1110.0,429.0,489.0,1061.0,248.0
2004,95,4.29,790.0,1675.0,346.0,871.0,1757.0,227.0
2005,95,4.29,798.0,1682.0,338.0,874.0,1731.0,239.0
2006,95,4.35,797.0,1659.0,346.0,834.0,1704.0,252.0
2007,95,4.37,796.0,1654.0,351.0,831.0,1708.0,257.0
2008,95,4.42,779.0,1641.0,356.0,809.0,1695.0,250.0
2009,95,4.45,761.0,1662.0,355.0,807.0,1706.0,266.0
2010,95,4.47,742.5,1672.5,360.5,813.0,1709.0,271.0
2011,95,4.49,724.0,1683.0,366.0,819.0,1712.0,276.0
2004,96,1.6,268.0,679.0,226.0,287.0,757.0,146.0
2005,96,1.6,265.0,670.0,230.0,285.0,734.0,148.0
2006,96,1.61,271.0,657.0,233.0,274.0,732.0,138.0
2007,96,1.65,247.0,646.0,228.0,276.0,719.0,137.0
2008,96,1.65,228.0,621.0,221.0,262.0,699.0,130.0
2009,96,1.65,219.0,611.0,217.0,247.0,695.0,125.0
2010,96,1.65,207.5,609.5,215.5,235.5,699.0,131.5
2011,96,1.65,196.0,608.0,214.0,224.0,703.0,138.0
2004,97,5.42,602.0,1320.0,362.0,649.0,1404.0,259.0
2005,97,5.42,600.0,1310.0,378.0,657.0,1413.0,259.0
2006,97,5.55,626.0,1337.0,382.0,655.0,1416.0,269.0
2007,97,5.91,669.0,1388.0,406.0,702.0,1473.0,284.0
2008,97,6.0,666.0,1425.0,413.0,715.0,1491.0,289.0
2009,97,6.02,659.0,1423.0,425.0,691.0,1542.0,287.0
2010,97,6.115,657.5,1442.0,420.0,685.5,1546.0,298.0
2011,97,6.21,656.0,1461.0,415.0,680.0,1550.0,309.0
2004,98,5.67,846.0,1763.0,486.0,865.0,1748.0,300.0
2005,98,5.67,851.0,1778.0,476.0,850.0,1769.0,304.0
2006,98,5.67,870.0,1785.0,471.0,879.0,1753.0,308.0
2007,98,5.67,843.0,1772.0,483.0,868.0,1742.0,323.0
2008,98,5.67,820.0,1770.0,480.0,857.0,1722.0,331.0
2009,98,5.67,816.0,1749.0,485.0,834.0,1733.0,352.0
2010,98,5.67,807.5,1753.0,491.0,837.5,1741.5,357.5
2011,98,5.67,799.0,1757.0,497.0,841.0,1750.0,363.0
2004,99,1.32,138.0,296.0,119.0,144.0,317.0,88.0
2005,99,1.32,132.0,299.0,126.0,141.0,317.0,89.0
2006,99,1.34,138.0,283.0,122.0,131.0,310.0,92.0
2007,99,1.35,130.0,297.0,131.0,135.0,306.0,94.0
2008,99,1.37,126.0,304.0,131.0,133.0,301.0,90.0
2009,99,1.37,117.0,305.0,132.0,136.0,299.0,94.0
2010,99,1.45,120.5,312.0,134.5,138.0,312.5,94.0
2011,99,1.53,124.0,319.0,137.0,140.0,326.0,94.0
2004,100,10.02,1613.0,3490.0,993.0,1788.0,3578.0,658.0
2005,100,10.02,1608.0,3485.0,1009.0,1769.0,3576.0,656.0
2006,100,10.19,1625.0,3511.0,1024.0,1782.0,3601.0,665.0
2007,100,10.24,1633.0,3507.0,1048.0,1727.0,3626.0,670.0
2008,100,10.29,1678.0,3585.0,1050.0,1780.0,3672.0,677.0
2009,100,10.29,1685.0,3630.0,1058.0,1781.0,3785.0,677.0
2010,100,10.38,1714.0,3702.0,1059.0,1798.0,3857.0,680.0
2011,100,10.47,1743.0,3774.0,1060.0,1815.0,3929.0,683.0
2004,101,6.01,900.0,2169.0,904.0,939.0,2018.0,585.0
2005,101,6.01,907.0,2182.0,888.0,949.0,2060.0,592.0
2006,101,6.1,918.0,2185.0,914.0,939.0,2099.0,593.0
2007,101,6.24,921.0,2183.0,912.0,958.0,2116.0,592.0
2008,101,6.41,914.0,2226.0,915.0,961.0,2157.0,577.0
2009,101,6.42,937.0,2264.0,938.0,987.0,2186.0,582.0
2010,101,6.45,942.5,2300.0,932.5,985.0,2234.5,573.5
2011,101,6.48,948.0,2336.0,927.0,983.0,2283.0,565.0
2004,102,3.39,728.0,1693.0,524.0,748.0,1814.0,313.0
2005,102,3.39,737.0,1698.0,519.0,754.0,1817.0,310.0
2006,102,3.39,732.0,1703.0,514.0,753.0,1809.0,306.0
2007,102,3.39,725.0,1694.0,498.0,751.0,1818.0,305.0
2008,102,3.39,702.0,1704.0,495.0,746.0,1815.0,314.0
2009,102,3.39,693.0,1731.0,507.0,730.0,1825.0,324.0
2010,102,3.39,692.5,1740.0,505.5,740.5,1825.5,338.5
2011,102,3.39,692.0,1749.0,504.0,751.0,1826.0,353.0
2004,103,3.51,585.0,1233.0,434.0,621.0,1345.0,280.0
2005,103,3.51,573.0,1241.0,450.0,614.0,1327.0,278.0
2006,103,3.56,565.0,1216.0,447.0,618.0,1301.0,280.0
2007,103,3.56,557.0,1180.0,459.0,589.0,1290.0,279.0
2008,103,3.61,573.0,1168.0,462.0,597.0,1290.0,275.0
2009,103,3.61,567.0,1176.0,452.0,598.0,1292.0,278.0
2010,103,3.66,567.5,1198.5,444.5,599.0,1311.0,278.0
2011,103,3.71,568.0,1221.0,437.0,600.0,1330.0,278.0
2004,104,3.55,271.0,685.0,248.0,265.0,712.0,169.0
2005,104,3.55,283.0,680.0,256.0,257.0,698.0,168.0
2006,104,3.59,275.0,675.0,258.0,260.0,699.0,174.0
2007,104,3.71,283.0,666.0,261.0,257.0,698.0,173.0
2008,104,3.76,288.0,679.0,268.0,278.0,699.0,181.0
2009,104,3.76,290.0,689.0,263.0,275.0,681.0,188.0
2010,104,3.79,286.0,685.0,275.5,270.5,678.5,195.5
2011,104,3.82,282.0,681.0,288.0,266.0,676.0,203.0
2004,105,2.1,323.0,685.0,196.0,313.0,724.0,122.0
2005,105,2.09,321.0,671.0,201.0,310.0,718.0,121.0
2006,105,2.09,313.0,658.0,209.0,309.0,708.0,132.0
2007,105,2.09,304.0,637.0,206.0,294.0,688.0,131.0
2008,105,2.09,298.0,647.0,202.0,283.0,678.0,136.0
2009,105,2.09,311.0,652.0,215.0,300.0,673.0,142.0
2010,105,2.09,306.0,667.0,214.0,301.0,676.0,146.0
2011,105,2.09,301.0,682.0,213.0,302.0,679.0,150.0
2004,106,5.26,549.0,1039.0,356.0,556.0,1056.0,226.0
2005,106,5.24,548.0,1032.0,357.0,555.0,1066.0,226.0
2006,106,5.33,551.0,1058.0,355.0,567.0,1060.0,228.0
2007,106,5.4,559.0,1054.0,347.0,545.0,1083.0,228.0
2008,106,5.61,564.0,1057.0,343.0,547.0,1106.0,223.0
2009,106,5.61,565.0,1066.0,359.0,550.0,1136.0,229.0
2010,106,5.675,569.5,1105.5,365.0,570.0,1162.0,233.5
2011,106,5.74,574.0,1145.0,371.0,590.0,1188.0,238.0
2004,107,4.52,586.0,1270.0,408.0,569.0,1266.0,288.0
2005,107,4.52,560.0,1260.0,413.0,576.0,1264.0,289.0
2006,107,4.6,538.0,1257.0,421.0,563.0,1257.0,296.0
2007,107,4.71,525.0,1255.0,433.0,561.0,1244.0,305.0
2008,107,4.77,539.0,1244.0,434.0,573.0,1272.0,312.0
2009,107,4.77,542.0,1253.0,446.0,550.0,1285.0,301.0
2010,107,4.83,545.0,1272.0,464.0,547.0,1301.5,314.5
2011,107,4.89,548.0,1291.0,482.0,544.0,1318.0,328.0
2004,108,1.45,133.0,316.0,113.0,176.0,315.0,74.0
2005,108,1.45,130.0,324.0,120.0,180.0,318.0,73.0
2006,108,1.51,128.0,316.0,118.0,169.0,313.0,73.0
2007,108,1.53,138.0,312.0,117.0,170.0,311.0,78.0
2008,108,1.53,137.0,304.0,125.0,167.0,325.0,76.0
2009,108,1.55,136.0,313.0,123.0,168.0,319.0,78.0
2010,108,1.615,133.5,317.0,124.0,164.0,320.0,81.0
2011,108,1.68,131.0,321.0,125.0,160.0,321.0,84.0
2004,109,1.02,60.0,158.0,65.0,77.0,156.0,34.0
2005,109,1.02,66.0,160.0,69.0,85.0,158.0,34.0
2006,109,1.06,67.0,159.0,68.0,89.0,155.0,35.0
2007,109,1.11,66.0,164.0,68.0,92.0,165.0,39.0
2008,109,1.14,67.0,157.0,71.0,81.0,169.0,43.0
2009,109,1.14,67.0,156.0,66.0,79.0,167.0,40.0
2010,109,1.14,64.5,156.0,68.5,82.0,164.0,40.0
2011,109,1.14,62.0,156.0,71.0,85.0,161.0,40.0
2004,110,2.18,228.0,579.0,237.0,235.0,601.0,145.0
2005,110,2.18,215.0,590.0,230.0,239.0,591.0,144.0
2006,110,2.22,210.0,574.0,237.0,237.0,578.0,149.0
2007,110,2.24,206.0,570.0,238.0,238.0,593.0,138.0
2008,110,2.25,222.0,576.0,240.0,250.0,614.0,152.0
2009,110,2.25,211.0,569.0,247.0,240.0,586.0,148.0
2010,110,2.3,215.5,583.0,238.5,241.5,596.5,149.5
2011,110,2.35,220.0,597.0,230.0,243.0,607.0,151.0
2004,111,3.6,628.0,1529.0,508.0,677.0,1694.0,384.0
2005,111,3.6,622.0,1546.0,515.0,659.0,1691.0,388.0
2006,111,3.61,607.0,1532.0,513.0,671.0,1646.0,382.0
2007,111,3.67,605.0,1523.0,516.0,657.0,1617.0,381.0
2008,111,3.74,605.0,1544.0,519.0,659.0,1662.0,390.0
2009,111,3.76,591.0,1535.0,529.0,654.0,1703.0,392.0
2010,111,3.79,585.5,1516.0,545.5,641.5,1705.0,397.5
2011,111,3.82,580.0,1497.0,562.0,629.0,1707.0,403.0
2004,112,2.97,573.0,1131.0,384.0,613.0,1177.0,224.0
2005,112,2.97,579.0,1149.0,376.0,599.0,1165.0,214.0
2006,112,3.0,569.0,1175.0,381.0,604.0,1168.0,207.0
2007,112,3.0,548.0,1169.0,395.0,598.0,1164.0,214.0
2008,112,3.05,574.0,1191.0,383.0,598.0,1205.0,220.0
2009,112,3.05,574.0,1190.0,382.0,590.0,1231.0,243.0
2010,112,3.075,570.0,1199.5,388.0,592.5,1240.5,251.0
2011,112,3.1,566.0,1209.0,394.0,595.0,1250.0,259.0
2004,113,6.14,1192.0,2844.0,860.0,1236.0,2878.0,599.0
2005,113,6.14,1155.0,2878.0,877.0,1243.0,2865.0,618.0
2006,113,6.2,1146.0,2851.0,887.0,1220.0,2860.0,632.0
2007,113,6.23,1159.0,2833.0,896.0,1205.0,3048.0,643.0
2008,113,6.29,1166.0,2836.0,901.0,1220.0,2920.0,656.0
2009,113,6.3,1163.0,2813.0,914.0,1213.0,2869.0,657.0
2010,113,6.35,1147.0,2808.5,922.0,1206.0,2873.5,673.0
2011,113,6.4,1131.0,2804.0,930.0,1199.0,2878.0,689.0
2004,114,2.28,256.0,570.0,113.0,323.0,571.0,93.0
2005,114,2.28,258.0,556.0,116.0,309.0,583.0,86.0
2006,114,2.29,255.0,566.0,121.0,304.0,581.0,88.0
2007,114,2.38,245.0,574.0,116.0,308.0,578.0,91.0
2008,114,2.41,243.0,579.0,122.0,294.0,583.0,87.0
2009,114,2.41,243.0,560.0,121.0,284.0,575.0,88.0
2010,114,2.42,240.5,563.0,122.0,281.0,584.0,93.5
2011,114,2.43,238.0,566.0,123.0,278.0,593.0,99.0
2004,115,7.97,1653.0,3377.0,507.0,1778.0,3291.0,350.0
2005,115,8.11,1675.0,3392.0,530.0,1774.0,3283.0,368.0
2006,115,8.41,1685.0,3497.0,538.0,1838.0,3366.0,396.0
2007,115,8.66,1710.0,3558.0,548.0,1862.0,3442.0,418.0
2008,115,8.81,1735.0,3617.0,557.0,1888.0,3484.0,432.0
2009,115,8.87,1760.0,3728.0,569.0,1897.0,3565.0,444.0
2010,115,9.02,1785.5,3825.0,590.5,1939.5,3664.5,454.5
2011,115,9.17,1811.0,3922.0,612.0,1982.0,3764.0,465.0
2004,116,4.75,560.0,1203.0,468.0,574.0,1253.0,289.0
2005,116,4.75,570.0,1215.0,472.0,579.0,1243.0,293.0
2006,116,4.83,538.0,1184.0,484.0,567.0,1222.0,301.0
2007,116,4.88,523.0,1165.0,489.0,546.0,1222.0,308.0
2008,116,5.1,531.0,1201.0,508.0,555.0,1288.0,308.0
2009,116,5.1,540.0,1237.0,502.0,568.0,1310.0,308.0
2010,116,5.215,537.0,1272.5,503.0,579.0,1324.0,321.0
2011,116,5.33,534.0,1308.0,504.0,590.0,1338.0,334.0
2004,117,13.03,1705.0,4038.0,1075.0,1759.0,3971.0,728.0
2005,117,13.03,1706.0,4033.0,1076.0,1735.0,3951.0,749.0
2006,117,13.43,1718.0,4041.0,1102.0,1745.0,3975.0,762.0
2007,117,13.63,1723.0,4051.0,1112.0,1753.0,3962.0,790.0
2008,117,13.76,1724.0,4085.0,1143.0,1757.0,4020.0,818.0
2009,117,13.78,1733.0,4134.0,1151.0,1743.0,4060.0,803.0
2010,117,14.14,1739.5,4174.5,1174.0,1746.5,4121.5,818.0
2011,117,14.5,1746.0,4215.0,1197.0,1750.0,4183.0,833.0
2004,118,4.54,568.0,1161.0,494.0,532.0,1238.0,351.0
2005,118,4.54,553.0,1145.0,492.0,540.0,1214.0,346.0
2006,118,4.56,544.0,1143.0,487.0,539.0,1202.0,343.0
2007,118,4.59,545.0,1143.0,485.0,528.0,1200.0,343.0
2008,118,4.61,554.0,1146.0,479.0,524.0,1209.0,339.0
2009,118,4.61,541.0,1171.0,466.0,514.0,1237.0,329.0
2010,118,4.725,536.5,1165.0,463.5,501.5,1247.5,326.0
2011,118,4.84,532.0,1159.0,461.0,489.0,1258.0,323.0
2004,119,1.58,139.0,318.0,95.0,137.0,307.0,77.0
2005,119,1.58,146.0,313.0,99.0,133.0,310.0,80.0
2006,119,1.62,148.0,309.0,108.0,135.0,306.0,79.0
2007,119,1.63,135.0,302.0,118.0,136.0,302.0,85.0
2008,119,1.65,137.0,301.0,122.0,134.0,305.0,89.0
2009,119,1.65,146.0,320.0,134.0,136.0,308.0,94.0
2010,119,1.66,142.0,318.5,137.0,130.5,317.0,95.0
2011,119,1.67,138.0,317.0,140.0,125.0,326.0,96.0
2004,120,2.52,292.0,692.0,161.0,336.0,704.0,109.0
2005,120,2.52,304.0,703.0,166.0,333.0,723.0,113.0
2006,120,2.55,314.0,716.0,171.0,342.0,718.0,125.0
2007,120,2.58,299.0,724.0,173.0,346.0,701.0,127.0
2008,120,2.64,314.0,736.0,186.0,358.0,694.0,128.0
2009,120,2.64,314.0,731.0,195.0,358.0,697.0,129.0
2010,120,2.645,330.0,745.0,199.0,362.0,721.0,138.5
2011,120,2.65,346.0,759.0,203.0,366.0,745.0,148.0
2004,121,4.35,657.0,1576.0,432.0,714.0,1589.0,297.0
2005,121,4.35,654.0,1579.0,428.0,717.0,1605.0,297.0
2006,121,4.35,652.0,1576.0,421.0,720.0,1587.0,296.0
2007,121,4.35,633.0,1548.0,418.0,691.0,1584.0,304.0
2008,121,4.35,665.0,1576.0,422.0,716.0,1592.0,311.0
2009,121,4.35,650.0,1585.0,423.0,693.0,1612.0,328.0
2010,121,4.35,645.5,1575.5,434.5,691.5,1605.0,337.0
2011,121,4.35,641.0,1566.0,446.0,690.0,1598.0,346.0
2004,122,2.04,163.0,359.0,126.0,199.0,365.0,90.0
2005,122,2.04,158.0,364.0,132.0,205.0,368.0,83.0
2006,122,2.08,151.0,355.0,142.0,202.0,353.0,81.0
2007,122,2.11,152.0,348.0,142.0,196.0,354.0,82.0
2008,122,2.11,150.0,354.0,145.0,189.0,352.0,84.0
2009,122,2.11,142.0,362.0,144.0,190.0,371.0,84.0
2010,122,2.14,145.0,366.0,146.0,194.0,368.5,87.5
2011,122,2.17,148.0,370.0,148.0,198.0,366.0,91.0
2004,123,8.86,831.0,2062.0,708.0,871.0,2050.0,433.0
2005,123,8.87,824.0,2047.0,704.0,859.0,2033.0,429.0
2006,123,8.97,823.0,2068.0,724.0,823.0,2046.0,439.0
2007,123,9.07,839.0,2082.0,736.0,844.0,2062.0,455.0
2008,123,9.11,843.0,2092.0,748.0,867.0,2071.0,455.0
2009,123,9.11,842.0,2122.0,739.0,859.0,2045.0,462.0
2010,123,9.18,845.5,2135.0,755.0,861.0,2085.0,475.5
2011,123,9.25,849.0,2148.0,771.0,863.0,2125.0,489.0
2004,124,1.2,82.0,230.0,123.0,107.0,210.0,67.0
2005,124,1.2,92.0,231.0,129.0,102.0,230.0,63.0
2006,124,1.21,81.0,228.0,124.0,96.0,226.0,63.0
2007,124,1.24,89.0,223.0,132.0,91.0,230.0,67.0
2008,124,1.26,90.0,230.0,133.0,94.0,242.0,72.0
2009,124,1.26,84.0,230.0,142.0,96.0,235.0,80.0
2010,124,1.285,88.5,236.0,145.0,101.5,239.0,80.5
2011,124,1.31,93.0,242.0,148.0,107.0,243.0,81.0
2004,125,3.19,275.0,663.0,172.0,305.0,806.0,109.0
2005,125,3.19,291.0,664.0,179.0,296.0,775.0,112.0
2006,125,3.25,297.0,647.0,185.0,284.0,737.0,115.0
2007,125,3.28,315.0,672.0,187.0,309.0,814.0,113.0
2008,125,3.31,312.0,687.0,198.0,316.0,853.0,122.0
2009,125,3.33,311.0,700.0,203.0,311.0,807.0,125.0
2010,125,3.365,303.0,694.5,203.5,311.5,792.0,132.5
2011,125,3.4,295.0,689.0,204.0,312.0,777.0,140.0
2004,126,0.52,112.0,283.0,82.0,139.0,337.0,65.0
2005,126,0.52,111.0,263.0,74.0,138.0,323.0,66.0
2006,126,0.52,107.0,251.0,74.0,129.0,320.0,66.0
2007,126,0.52,104.0,248.0,73.0,118.0,311.0,65.0
2008,126,0.52,106.0,238.0,74.0,106.0,314.0,66.0
2009,126,0.52,116.0,251.0,74.0,111.0,308.0,68.0
2010,126,0.525,110.5,247.0,77.0,113.5,312.5,67.5
2011,126,0.53,105.0,243.0,80.0,116.0,317.0,67.0
